[
  {
    "firstName": "Erin",
    "lastName": "Hernandez",
    "_id": 1,
    "businessId": 1
  },
  {
    "firstName": "Hannah",
    "lastName": "Stewart",
    "_id": 2,
    "businessId": 1
  },
  {
    "firstName": "Brittany",
    "lastName": "Foster",
    "_id": 3,
    "businessId": 1
  },
  {
    "firstName": "Brandon",
    "lastName": "Powell",
    "_id": 4,
    "businessId": 1
  },
  {
    "firstName": "Ava",
    "lastName": "Howard",
    "_id": 5,
    "businessId": 1
  },
  {
    "firstName": "James",
    "lastName": "Miller",
    "_id": 6,
    "businessId": 1
  },
  {
    "firstName": "Aaron",
    "lastName": "Barnes",
    "_id": 7,
    "businessId": 1
  },
  {
    "firstName": "Amanda",
    "lastName": "Harris",
    "_id": 8,
    "businessId": 1
  },
  {
    "firstName": "Claire",
    "lastName": "Wilson",
    "_id": 9,
    "businessId": 1
  },
  {
    "firstName": "Joshua",
    "lastName": "Bailey",
    "_id": 10,
    "businessId": 1
  },
  {
    "firstName": "Christina",
    "lastName": "Diaz",
    "_id": 11,
    "businessId": 1
  },
  {
    "firstName": "Victoria",
    "lastName": "Carter",
    "_id": 12,
    "businessId": 1
  },
  {
    "firstName": "John",
    "lastName": "Butler",
    "_id": 13,
    "businessId": 1
  },
  {
    "firstName": "Mateo",
    "lastName": "Hernandez",
    "_id": 14,
    "businessId": 1
  },
  {
    "firstName": "Zachary",
    "lastName": "Bell",
    "_id": 15,
    "businessId": 1
  },
  {
    "firstName": "Robert",
    "lastName": "Lee",
    "_id": 16,
    "businessId": 1
  },
  {
    "firstName": "Patrick",
    "lastName": "Wright",
    "_id": 17,
    "businessId": 1
  },
  {
    "firstName": "James",
    "lastName": "Scott",
    "_id": 18,
    "businessId": 1
  },
  {
    "firstName": "Patrick",
    "lastName": "Brooks",
    "_id": 19,
    "businessId": 1
  },
  {
    "firstName": "Jason",
    "lastName": "Green",
    "_id": 20,
    "businessId": 1
  },
  {
    "firstName": "Benjamin",
    "lastName": "Russell",
    "_id": 21,
    "businessId": 1
  },
  {
    "firstName": "Benjamin",
    "lastName": "Harris",
    "_id": 22,
    "businessId": 1
  },
  {
    "firstName": "Ashley",
    "lastName": "Roberts",
    "_id": 23,
    "businessId": 1
  },
  {
    "firstName": "Mateo",
    "lastName": "Edwards",
    "_id": 24,
    "businessId": 2
  },
  {
    "firstName": "Jonathan",
    "lastName": "Perry",
    "_id": 25,
    "businessId": 2
  },
  {
    "firstName": "Andrew",
    "lastName": "Phillips",
    "_id": 26,
    "businessId": 2
  },
  {
    "firstName": "Charles",
    "lastName": "Adams",
    "_id": 27,
    "businessId": 2
  },
  {
    "firstName": "Charles",
    "lastName": "Gonzales",
    "_id": 28,
    "businessId": 2
  },
  {
    "firstName": "Olivia",
    "lastName": "Davis",
    "_id": 29,
    "businessId": 2
  },
  {
    "firstName": "Lillian",
    "lastName": "Cooper",
    "_id": 30,
    "businessId": 2
  },
  {
    "firstName": "Rebecca",
    "lastName": "Cox",
    "_id": 31,
    "businessId": 2
  },
  {
    "firstName": "Brian",
    "lastName": "Martinez",
    "_id": 32,
    "businessId": 2
  },
  {
    "firstName": "Timothy",
    "lastName": "Martin",
    "_id": 33,
    "businessId": 2
  },
  {
    "firstName": "Austin",
    "lastName": "Parker",
    "_id": 34,
    "businessId": 2
  },
  {
    "firstName": "David",
    "lastName": "Watson",
    "_id": 35,
    "businessId": 2
  },
  {
    "firstName": "Tyler",
    "lastName": "Ward",
    "_id": 36,
    "businessId": 2
  },
  {
    "firstName": "Richard",
    "lastName": "Jenkins",
    "_id": 37,
    "businessId": 2
  },
  {
    "firstName": "Stephanie",
    "lastName": "Coleman",
    "_id": 38,
    "businessId": 2
  },
  {
    "firstName": "Kimberly",
    "lastName": "Bell",
    "_id": 39,
    "businessId": 2
  },
  {
    "firstName": "Christopher",
    "lastName": "Jackson",
    "_id": 40,
    "businessId": 2
  },
  {
    "firstName": "Alyssa",
    "lastName": "Gonzales",
    "_id": 41,
    "businessId": 2
  },
  {
    "firstName": "Sebastian",
    "lastName": "Henderson",
    "_id": 42,
    "businessId": 2
  },
  {
    "firstName": "Brian",
    "lastName": "Miller",
    "_id": 43,
    "businessId": 2
  },
  {
    "firstName": "Jessica",
    "lastName": "Collins",
    "_id": 44,
    "businessId": 2
  },
  {
    "firstName": "Dylan",
    "lastName": "Davis",
    "_id": 45,
    "businessId": 3
  },
  {
    "firstName": "Eric",
    "lastName": "Martinez",
    "_id": 46,
    "businessId": 3
  },
  {
    "firstName": "Stephanie",
    "lastName": "Campbell",
    "_id": 47,
    "businessId": 3
  },
  {
    "firstName": "Jasmine",
    "lastName": "Long",
    "_id": 48,
    "businessId": 3
  },
  {
    "firstName": "Katherine",
    "lastName": "Flores",
    "_id": 49,
    "businessId": 3
  },
  {
    "firstName": "Eric",
    "lastName": "King",
    "_id": 50,
    "businessId": 3
  },
  {
    "firstName": "Heather",
    "lastName": "Roberts",
    "_id": 51,
    "businessId": 3
  },
  {
    "firstName": "Brittany",
    "lastName": "Bryant",
    "_id": 52,
    "businessId": 3
  },
  {
    "firstName": "Kimberly",
    "lastName": "Robinson",
    "_id": 53,
    "businessId": 3
  },
  {
    "firstName": "Jack",
    "lastName": "Patterson",
    "_id": 54,
    "businessId": 3
  },
  {
    "firstName": "Rebecca",
    "lastName": "Thomas",
    "_id": 55,
    "businessId": 3
  },
  {
    "firstName": "Anna",
    "lastName": "Lee",
    "_id": 56,
    "businessId": 3
  },
  {
    "firstName": "Lillian",
    "lastName": "Hill",
    "_id": 57,
    "businessId": 3
  },
  {
    "firstName": "Anna",
    "lastName": "Miller",
    "_id": 58,
    "businessId": 3
  },
  {
    "firstName": "Timothy",
    "lastName": "Jones",
    "_id": 59,
    "businessId": 3
  },
  {
    "firstName": "Taylor",
    "lastName": "Henderson",
    "_id": 60,
    "businessId": 4
  },
  {
    "firstName": "Sophia",
    "lastName": "Wood",
    "_id": 61,
    "businessId": 4
  },
  {
    "firstName": "Ethan",
    "lastName": "Simmons",
    "_id": 62,
    "businessId": 4
  },
  {
    "firstName": "Sofia",
    "lastName": "Clark",
    "_id": 63,
    "businessId": 4
  },
  {
    "firstName": "Mateo",
    "lastName": "Watson",
    "_id": 64,
    "businessId": 4
  },
  {
    "firstName": "Sophia",
    "lastName": "Garcia",
    "_id": 65,
    "businessId": 4
  },
  {
    "firstName": "Kelsey",
    "lastName": "Turner",
    "_id": 66,
    "businessId": 4
  },
  {
    "firstName": "Jonathan",
    "lastName": "Bryant",
    "_id": 67,
    "businessId": 4
  },
  {
    "firstName": "Mark",
    "lastName": "Butler",
    "_id": 68,
    "businessId": 4
  },
  {
    "firstName": "Robert",
    "lastName": "Ward",
    "_id": 69,
    "businessId": 4
  },
  {
    "firstName": "Sara",
    "lastName": "Hernandez",
    "_id": 70,
    "businessId": 4
  },
  {
    "firstName": "Justin",
    "lastName": "Ross",
    "_id": 71,
    "businessId": 4
  },
  {
    "firstName": "Nicole",
    "lastName": "Watson",
    "_id": 72,
    "businessId": 4
  },
  {
    "firstName": "Kyle",
    "lastName": "Jones",
    "_id": 73,
    "businessId": 4
  },
  {
    "firstName": "Jasmine",
    "lastName": "Cook",
    "_id": 74,
    "businessId": 4
  },
  {
    "firstName": "Andrew",
    "lastName": "Lee",
    "_id": 75,
    "businessId": 4
  },
  {
    "firstName": "Matthew",
    "lastName": "Powell",
    "_id": 76,
    "businessId": 4
  },
  {
    "firstName": "Maria",
    "lastName": "Green",
    "_id": 77,
    "businessId": 4
  },
  {
    "firstName": "Adam",
    "lastName": "Bailey",
    "_id": 78,
    "businessId": 4
  },
  {
    "firstName": "Jonathan",
    "lastName": "Russell",
    "_id": 79,
    "businessId": 4
  },
  {
    "firstName": "Danielle",
    "lastName": "Taylor",
    "_id": 80,
    "businessId": 4
  },
  {
    "firstName": "Taylor",
    "lastName": "Davis",
    "_id": 81,
    "businessId": 4
  },
  {
    "firstName": "Evelyn",
    "lastName": "Martinez",
    "_id": 82,
    "businessId": 4
  },
  {
    "firstName": "John",
    "lastName": "Rodriguez",
    "_id": 83,
    "businessId": 5
  },
  {
    "firstName": "James",
    "lastName": "Collins",
    "_id": 84,
    "businessId": 5
  },
  {
    "firstName": "Kevin",
    "lastName": "Diaz",
    "_id": 85,
    "businessId": 5
  },
  {
    "firstName": "Matthew",
    "lastName": "Clark",
    "_id": 86,
    "businessId": 5
  },
  {
    "firstName": "Robert",
    "lastName": "Robinson",
    "_id": 87,
    "businessId": 5
  },
  {
    "firstName": "Hannah",
    "lastName": "Butler",
    "_id": 88,
    "businessId": 5
  },
  {
    "firstName": "Aiden",
    "lastName": "Gray",
    "_id": 89,
    "businessId": 5
  },
  {
    "firstName": "Layla",
    "lastName": "Cook",
    "_id": 90,
    "businessId": 5
  },
  {
    "firstName": "Aubrey",
    "lastName": "Powell",
    "_id": 91,
    "businessId": 5
  },
  {
    "firstName": "Sarah",
    "lastName": "Jenkins",
    "_id": 92,
    "businessId": 5
  },
  {
    "firstName": "Charles",
    "lastName": "Bell",
    "_id": 93,
    "businessId": 5
  },
  {
    "firstName": "Kayla",
    "lastName": "Campbell",
    "_id": 94,
    "businessId": 5
  },
  {
    "firstName": "Andrew",
    "lastName": "Patterson",
    "_id": 95,
    "businessId": 5
  },
  {
    "firstName": "Mateo",
    "lastName": "Hill",
    "_id": 96,
    "businessId": 5
  },
  {
    "firstName": "Christopher",
    "lastName": "Cooper",
    "_id": 97,
    "businessId": 5
  },
  {
    "firstName": "Aubrey",
    "lastName": "Adams",
    "_id": 98,
    "businessId": 5
  },
  {
    "firstName": "Haley",
    "lastName": "Ramirez",
    "_id": 99,
    "businessId": 5
  },
  {
    "firstName": "Nicholas",
    "lastName": "Russell",
    "_id": 100,
    "businessId": 5
  }
]
